response_type,drug,Primary Tumor type,association,gene,mutation
missense,Imatinib,cancer,resistant,ABL1,L248V
missense,IPATASERTIB,breast cancer,sensitive,AKT1,E17K
missense,M-2698,breast cancer,sensitive,AKT1,E17K
missense,CRIZOTINIB,lung cancer,sensitive,ALK,C1156F
missense,Brigatinib,lung cancer,resistant,ALK,C1156F
missense,CERITINIB,lung cancer,resistant,ALK,C1156F
missense,ALECTINIB,lung cancer,resistant,ALK,C1156F
missense,ALECTINIB,lung cancer,sensitive,ALK,C1156Y
missense,Brigatinib,lung cancer,sensitive,ALK,C1156Y
missense,CRIZOTINIB,lung cancer,resistant,ALK,C1156Y
missense,CERITINIB,lung cancer,resistant,ALK,C1156Y
missense,CERITINIB,lung cancer,resistant,ALK,D1203N
missense,ALECTINIB,lung cancer,resistant,ALK,E1210K
missense,Brigatinib,lung cancer,resistant,ALK,E1210K
missense,CRIZOTINIB,lung cancer,sensitive,ALK,E1210K
missense,CERITINIB,lung cancer,resistant,ALK,E1210K
missense,CRIZOTINIB,lung cancer,resistant,ALK,E1210K
missense,ALECTINIB,lung cancer,sensitive,ALK,F1174C
missense,Brigatinib,lung cancer,sensitive,ALK,F1174C
missense,CERITINIB,lung cancer,resistant,ALK,F1174C
missense,CRIZOTINIB,lung cancer,resistant,ALK,F1174C
missense,ALECTINIB,lung cancer,sensitive,ALK,F1174L
missense,Brigatinib,lung cancer,sensitive,ALK,F1174L
missense,CRIZOTINIB,lung cancer,resistant,ALK,F1174L
missense,CERITINIB,lung cancer,resistant,ALK,F1174L
missense,ALECTINIB,lung cancer,sensitive,ALK,F1174V
missense,Brigatinib,lung cancer,sensitive,ALK,F1174V
missense,CERITINIB,lung cancer,resistant,ALK,F1174V
missense,CRIZOTINIB,lung cancer,resistant,ALK,F1174V
missense,CRIZOTINIB,lung cancer,resistant,ALK,F1245C
missense,CERITINIB,lung cancer,sensitive,ALK,F1245C
missense,Brigatinib,lung cancer,sensitive,ALK,F1245C
missense,ALECTINIB,lung cancer,sensitive,ALK,G1123S
missense,CERITINIB,lung cancer,resistant,ALK,G1123S
missense,CRIZOTINIB,lung cancer,resistant,ALK,G1123S
missense,CRIZOTINIB,lung cancer,sensitive,ALK,G1128A
missense,Brigatinib,lung cancer,sensitive,ALK,G1202R
missense,CRIZOTINIB,lung cancer,resistant,ALK,G1202R
missense,ALECTINIB,lung cancer,resistant,ALK,G1202R
missense,CERITINIB,lung cancer,resistant,ALK,G1202R
missense,Brigatinib,lung cancer,resistant,ALK,G1202R
missense,CERITINIB,lung cancer,sensitive,ALK,G1269A
missense,ALECTINIB,lung cancer,sensitive,ALK,G1269A
missense,Brigatinib,lung cancer,sensitive,ALK,G1269A
missense,CRIZOTINIB,lung cancer,resistant,ALK,G1269A
missense,CERITINIB,lung cancer,sensitive,ALK,I1171N
missense,CRIZOTINIB,lung cancer,resistant,ALK,I1171N
missense,ALECTINIB,lung cancer,resistant,ALK,I1171N
missense,CERITINIB,lung cancer,sensitive,ALK,I1171S
missense,CRIZOTINIB,lung cancer,resistant,ALK,I1171S
missense,CERITINIB,lung cancer,sensitive,ALK,I1171T
missense,Brigatinib,lung cancer,sensitive,ALK,I1171T
missense,ALECTINIB,lung cancer,resistant,ALK,I1171T
missense,CRIZOTINIB,lung cancer,resistant,ALK,I1171T
missense,CRIZOTINIB,lung cancer,resistant,ALK,L1152P
missense,CERITINIB,lung cancer,resistant,ALK,L1152P
missense,ALECTINIB,lung cancer,sensitive,ALK,L1152R
missense,CRIZOTINIB,lung cancer,resistant,ALK,L1152R
missense,CERITINIB,lung cancer,resistant,ALK,L1152R
missense,ALECTINIB,lung cancer,sensitive,ALK,L1196M
missense,CERITINIB,lung cancer,sensitive,ALK,L1196M
missense,Brigatinib,lung cancer,sensitive,ALK,L1196M
missense,CRIZOTINIB,lung cancer,resistant,ALK,L1196M
missense,CERITINIB,lung cancer,sensitive,ALK,L1196Q
missense,Brigatinib,lung cancer,sensitive,ALK,L1196Q
missense,CRIZOTINIB,lung cancer,resistant,ALK,L1196Q
missense,CRIZOTINIB,lung cancer,sensitive,ALK,L1198F
missense,ALECTINIB,lung cancer,resistant,ALK,L1198F
missense,Brigatinib,lung cancer,sensitive,ALK,L1198F
missense,CERITINIB,lung cancer,resistant,ALK,L1198F
missense,CRIZOTINIB,lung cancer,sensitive,ALK,R1192P
missense,CRIZOTINIB,lung cancer,resistant,ALK,R1275Q
missense,Brigatinib,lung cancer,resistant,ALK,S1206Y
missense,CERITINIB,lung cancer,sensitive,ALK,V1180L
missense,CRIZOTINIB,lung cancer,resistant,ALK,V1180L
missense,ALECTINIB,lung cancer,resistant,ALK,V1180L
missense,WNT-974,digestive system cancer,sensitive,APC,N1026S
missense,DABRAFENIB,lung cancer,sensitive,BRAF,D594A
missense,TRAMETINIB,lung cancer,sensitive,BRAF,D594A
missense,DABRAFENIB,lung cancer,sensitive,BRAF,D594E
missense,TRAMETINIB,lung cancer,sensitive,BRAF,D594E
missense,DABRAFENIB,lung cancer,sensitive,BRAF,D594G
missense,TRAMETINIB,lung cancer,sensitive,BRAF,D594G
missense,DABRAFENIB,lung cancer,sensitive,BRAF,D594N
missense,TRAMETINIB,lung cancer,sensitive,BRAF,D594N
missense,DABRAFENIB,lung cancer,sensitive,BRAF,D594V
missense,TRAMETINIB,lung cancer,sensitive,BRAF,D594V
missense,PLX8394,lung cancer,sensitive,BRAF,G466V
missense,DASATINIB,lung cancer,sensitive,BRAF,G466V
missense,DABRAFENIB,lung cancer,sensitive,BRAF,G466V
missense,TRAMETINIB,lung cancer,sensitive,BRAF,G466V
missense,DABRAFENIB,lung cancer,resistant,BRAF,G469A
missense,PLX8394,lung cancer,sensitive,BRAF,G469A
missense,DASATINIB,lung cancer,resistant,BRAF,G469A
missense,DABRAFENIB,lung cancer,sensitive,BRAF,G469A
missense,TRAMETINIB,lung cancer,sensitive,BRAF,G469A
missense,VEMURAFENIB,lung cancer,resistant,BRAF,G469L
missense,Sorafenib,lung cancer,sensitive,BRAF,G469R
missense,DABRAFENIB,lung cancer,sensitive,BRAF,G469S
missense,TRAMETINIB,lung cancer,sensitive,BRAF,G469S
missense,DABRAFENIB,lung cancer,sensitive,BRAF,G469V
missense,TRAMETINIB,lung cancer,sensitive,BRAF,G469V
missense,DABRAFENIB,lung cancer,sensitive,BRAF,G596C
missense,TRAMETINIB,lung cancer,sensitive,BRAF,G596C
missense,DABRAFENIB,lung cancer,sensitive,BRAF,L597V
missense,TRAMETINIB,lung cancer,sensitive,BRAF,L597V
missense,VEMURAFENIB,lung cancer,sensitive,BRAF,V600A
missense,VEMURAFENIB,lung cancer,sensitive,BRAF,V600D
missense,VEMURAFENIB,malignant soft tissue neoplasm,sensitive,BRAF,V600E
missense,DABRAFENIB,malignant soft tissue neoplasm,sensitive,BRAF,V600E
missense,TRAMETINIB,malignant soft tissue neoplasm,sensitive,BRAF,V600E
missense,TRAMETINIB,cancer,sensitive,BRAF,V600E
missense,COBIMETINIB,malignant soft tissue neoplasm,sensitive,BRAF,V600E
missense,VEMURAFENIB,digestive system cancer,sensitive,BRAF,V600E
missense,DABRAFENIB,digestive system cancer,sensitive,BRAF,V600E
missense,TRAMETINIB,digestive system cancer,sensitive,BRAF,V600E
missense,DABRAFENIB,lung cancer,sensitive,BRAF,V600E
missense,TRAMETINIB,lung cancer,sensitive,BRAF,V600E
missense,Irinotecan,digestive system cancer,sensitive,BRAF,V600E
missense,VEMURAFENIB,lung cancer,sensitive,BRAF,V600G
missense,TRAMETINIB,malignant soft tissue neoplasm,sensitive,BRAF,V600K
missense,DABRAFENIB,malignant soft tissue neoplasm,sensitive,BRAF,V600K
missense,TRAMETINIB,cancer,sensitive,BRAF,V600K
missense,VEMURAFENIB,malignant soft tissue neoplasm,sensitive,BRAF,V600K
missense,VEMURAFENIB,lung cancer,sensitive,BRAF,V600K
missense,DABRAFENIB,digestive system cancer,sensitive,BRAF,V600K
missense,TRAMETINIB,digestive system cancer,sensitive,BRAF,V600K
missense,DABRAFENIB,lung cancer,sensitive,BRAF,V600K
missense,TRAMETINIB,lung cancer,sensitive,BRAF,V600K
missense,VEMURAFENIB,lung cancer,sensitive,BRAF,V600L
missense,VEMURAFENIB,lung cancer,sensitive,BRAF,V600M
missense,VEMURAFENIB,lung cancer,sensitive,BRAF,V600Q
missense,DABRAFENIB,lung cancer,sensitive,BRAF,V600R
missense,TRAMETINIB,lung cancer,sensitive,BRAF,V600R
missense,DASATINIB,lung cancer,sensitive,BRAF,Y472C
missense,RUCAPARIB,breast cancer,sensitive,BRCA1,A1708E
missense,OLAPARIB,breast cancer,sensitive,BRCA1,A1708E
missense,RUCAPARIB,breast cancer,sensitive,BRCA1,A1789T
missense,OLAPARIB,breast cancer,sensitive,BRCA1,A1789T
missense,RUCAPARIB,breast cancer,sensitive,BRCA1,C39Y
missense,OLAPARIB,breast cancer,sensitive,BRCA1,C39Y
missense,RUCAPARIB,breast cancer,sensitive,BRCA1,C44F
missense,OLAPARIB,breast cancer,sensitive,BRCA1,C44Y
missense,RUCAPARIB,breast cancer,sensitive,BRCA1,M1775R
missense,OLAPARIB,breast cancer,sensitive,BRCA1,M1775R
missense,OLAPARIB,breast cancer,sensitive,BRCA1,M18T
missense,RUCAPARIB,breast cancer,sensitive,BRCA1,M18T
missense,RUCAPARIB,breast cancer,sensitive,BRCA1,P1749R
missense,OLAPARIB,breast cancer,sensitive,BRCA1,P1749R
missense,RUCAPARIB,breast cancer,sensitive,BRCA1,R1699W
missense,OLAPARIB,breast cancer,sensitive,BRCA1,R1699W
missense,RUCAPARIB,breast cancer,sensitive,BRCA1,V1713A
missense,OLAPARIB,breast cancer,sensitive,BRCA1,V1713A
missense,RUCAPARIB,breast cancer,sensitive,BRCA2,R2659T
missense,OLAPARIB,breast cancer,sensitive,BRCA2,R2659T
missense,DASATINIB,lung cancer,sensitive,CBL,C384R
missense,DASATINIB,lung cancer,sensitive,CBL,Y371H
missense,WNT-974,digestive system cancer,sensitive,CTNNB1,N387K
missense,WNT-974,digestive system cancer,sensitive,CTNNB1,S33C
missense,WNT-974,digestive system cancer,sensitive,CTNNB1,S37F
missense,WNT-974,digestive system cancer,sensitive,CTNNB1,S37Y
missense,WNT-974,digestive system cancer,sensitive,CTNNB1,S45F
missense,WNT-974,digestive system cancer,sensitive,CTNNB1,S45P
missense,WNT-974,digestive system cancer,sensitive,CTNNB1,T41A
missense,WNT-974,digestive system cancer,sensitive,CTNNB1,W383R
missense,ANASTROZOLE,breast cancer,resistant,CYP19A1,P410S
missense,DASATINIB,lung cancer,sensitive,DDR2,G253C
missense,DASATINIB,lung cancer,sensitive,DDR2,G505S
missense,DASATINIB,lung cancer,sensitive,DDR2,G774V
missense,DASATINIB,lung cancer,sensitive,DDR2,I638F
missense,DASATINIB,lung cancer,sensitive,DDR2,L239R
missense,DASATINIB,lung cancer,sensitive,DDR2,L63V
missense,DASATINIB,lung cancer,sensitive,DDR2,S768R
missense,Erlotinib,lung cancer,sensitive,DDR2,S768R
missense,Rociletinib,lung cancer,resistant,EGFR,C797G
missense,NAQUOTINIB,lung cancer,resistant,EGFR,C797G
missense,Rociletinib,lung cancer,resistant,EGFR,C797R
missense,NAQUOTINIB,lung cancer,resistant,EGFR,C797R
missense,Rociletinib,lung cancer,resistant,EGFR,C797S
missense,NAQUOTINIB,lung cancer,resistant,EGFR,C797S
missense,NAQUOTINIB,lung cancer,resistant,EGFR,C797Y
missense,Rociletinib,lung cancer,resistant,EGFR,C797Y
missense,Erlotinib,lung cancer,sensitive,EGFR,G719A
missense,AFATINIB,lung cancer,sensitive,EGFR,G719A
missense,GEFITINIB,lung cancer,sensitive,EGFR,G719A
missense,AFATINIB,lung cancer,sensitive,EGFR,G719C
missense,Erlotinib,lung cancer,sensitive,EGFR,G719C
missense,Erlotinib,lung cancer,sensitive,EGFR,G719D
missense,AFATINIB,lung cancer,sensitive,EGFR,G719D
missense,Erlotinib,lung cancer,sensitive,EGFR,G719S
missense,AFATINIB,lung cancer,sensitive,EGFR,G719S
missense,AFATINIB,lung cancer,sensitive,EGFR,L747S
missense,Erlotinib,lung cancer,sensitive,EGFR,L747S
missense,AFATINIB,lung cancer,sensitive,EGFR,L858R
missense,Erlotinib,lung cancer,sensitive,EGFR,L858R
missense,GEFITINIB,lung cancer,sensitive,EGFR,L858R
missense,NAQUOTINIB,lung cancer,sensitive,EGFR,L858R
missense,AFATINIB,lung cancer,sensitive,EGFR,L861P
missense,Erlotinib,lung cancer,sensitive,EGFR,L861P
missense,Erlotinib,lung cancer,sensitive,EGFR,L861Q
missense,AFATINIB,lung cancer,sensitive,EGFR,L861Q
missense,AFATINIB,lung cancer,sensitive,EGFR,L861R
missense,Erlotinib,lung cancer,sensitive,EGFR,L861R
missense,Erlotinib,lung cancer,resistant,EGFR,R832H
missense,GEFITINIB,lung cancer,resistant,EGFR,R832H
missense,Erlotinib,lung cancer,sensitive,EGFR,S768I
missense,AFATINIB,lung cancer,sensitive,EGFR,S768I
missense,AFATINIB,lung cancer,sensitive,EGFR,T790M
missense,Erlotinib,lung cancer,resistant,EGFR,T790M
missense,GEFITINIB,lung cancer,resistant,EGFR,T790M
missense,Brigatinib,lung cancer,sensitive,EGFR,T790M
missense,NAQUOTINIB,lung cancer,sensitive,EGFR,T790M
missense,Rociletinib,lung cancer,sensitive,EGFR,T790M
missense,AFATINIB,lung cancer,sensitive,ERBB2,D769H
missense,AFATINIB,breast cancer,sensitive,ERBB2,D769H
missense,NERATINIB,breast cancer,sensitive,ERBB2,D769H
missense,Lapatinib,breast cancer,sensitive,ERBB2,D769H
missense,AFATINIB,lung cancer,sensitive,ERBB2,D769Y
missense,NERATINIB,breast cancer,sensitive,ERBB2,D769Y
missense,Lapatinib,breast cancer,sensitive,ERBB2,D769Y
missense,AFATINIB,lung cancer,sensitive,ERBB2,E321G
missense,AFATINIB,breast cancer,sensitive,ERBB2,E321G
missense,NERATINIB,breast cancer,sensitive,ERBB2,E321G
missense,Lapatinib,breast cancer,sensitive,ERBB2,E321G
missense,AFATINIB,lung cancer,sensitive,ERBB2,G309A
missense,AFATINIB,breast cancer,sensitive,ERBB2,G309A
missense,NERATINIB,breast cancer,sensitive,ERBB2,G309A
missense,Lapatinib,breast cancer,sensitive,ERBB2,G309A
missense,AFATINIB,lung cancer,sensitive,ERBB2,G309E
missense,AFATINIB,breast cancer,sensitive,ERBB2,G309E
missense,NERATINIB,breast cancer,sensitive,ERBB2,G309E
missense,Lapatinib,breast cancer,sensitive,ERBB2,G309E
missense,Lapatinib,breast cancer,sensitive,ERBB2,H878Y
missense,Lapatinib,breast cancer,resistant,ERBB2,L755P
missense,NERATINIB,breast cancer,sensitive,ERBB2,L755S
missense,AFATINIB,breast cancer,sensitive,ERBB2,L755S
missense,Lapatinib,breast cancer,resistant,ERBB2,L755S
missense,Lapatinib,breast cancer,sensitive,ERBB2,N857S
missense,AFATINIB,lung cancer,sensitive,ERBB2,R896C
missense,AFATINIB,breast cancer,sensitive,ERBB2,R896C
missense,NERATINIB,breast cancer,sensitive,ERBB2,R896C
missense,Lapatinib,breast cancer,sensitive,ERBB2,R896C
missense,AFATINIB,lung cancer,sensitive,ERBB2,S310F
missense,AFATINIB,breast cancer,sensitive,ERBB2,S310F
missense,NERATINIB,breast cancer,sensitive,ERBB2,S310F
missense,Lapatinib,breast cancer,sensitive,ERBB2,S310F
missense,AFATINIB,lung cancer,sensitive,ERBB2,S310Y
missense,NERATINIB,breast cancer,sensitive,ERBB2,S310Y
missense,AFATINIB,breast cancer,sensitive,ERBB2,S310Y
missense,Lapatinib,breast cancer,sensitive,ERBB2,S310Y
missense,Lapatinib,breast cancer,sensitive,ERBB2,T862A
missense,Lapatinib,breast cancer,sensitive,ERBB2,V659E
missense,AFATINIB,breast cancer,sensitive,ERBB2,V659E
missense,Lapatinib,breast cancer,sensitive,ERBB2,V773A
missense,AFATINIB,lung cancer,sensitive,ERBB2,V777L
missense,NERATINIB,breast cancer,sensitive,ERBB2,V777L
missense,Lapatinib,breast cancer,sensitive,ERBB2,V777L
missense,AFATINIB,lung cancer,sensitive,ERBB2,V842I
missense,AFATINIB,breast cancer,sensitive,ERBB2,V842I
missense,NERATINIB,breast cancer,sensitive,ERBB2,V842I
missense,Lapatinib,breast cancer,resistant,ERBB2,V842I
missense,AFATINIB,lung cancer,sensitive,ERBB3,G284R
missense,AFATINIB,breast cancer,sensitive,ERBB3,G284R
missense,AFATINIB,lung cancer,sensitive,ERBB3,Q809R
missense,Lapatinib,malignant soft tissue neoplasm,resistant,ERBB4,E317K
missense,Lapatinib,malignant soft tissue neoplasm,resistant,ERBB4,E452K
missense,Lapatinib,malignant soft tissue neoplasm,resistant,ERBB4,E542K
missense,Lapatinib,malignant soft tissue neoplasm,resistant,ERBB4,E872K
missense,Lapatinib,malignant soft tissue neoplasm,resistant,ERBB4,R393W
missense,Lapatinib,malignant soft tissue neoplasm,resistant,ERBB4,R544W
missense,GDC-0927,breast cancer,sensitive,ESR1,D538G
missense,ANASTROZOLE,breast cancer,resistant,ESR1,D538G
missense,EXEMESTANE,breast cancer,sensitive,ESR1,D538G
missense,EXEMESTANE,breast cancer,resistant,ESR1,D538G
missense,FULVESTRANT,breast cancer,resistant,ESR1,D538G
missense,BAZEDOXIFENE,breast cancer,sensitive,ESR1,D538G
missense,AZD-9496,breast cancer,sensitive,ESR1,D538G
missense,Tamoxifen,breast cancer,resistant,ESR1,D538G
missense,LETROZOLE,breast cancer,resistant,ESR1,D538G
missense,FULVESTRANT,breast cancer,resistant,ESR1,E380Q
missense,BAZEDOXIFENE,breast cancer,sensitive,ESR1,E380Q
missense,AZD-9496,breast cancer,sensitive,ESR1,E380Q
missense,GDC-0927,breast cancer,sensitive,ESR1,E380Q
missense,EXEMESTANE,breast cancer,resistant,ESR1,E380Q
missense,ANASTROZOLE,breast cancer,resistant,ESR1,E380Q
missense,Tamoxifen,breast cancer,resistant,ESR1,E380Q
missense,LETROZOLE,breast cancer,resistant,ESR1,E380Q
missense,BAZEDOXIFENE,breast cancer,sensitive,ESR1,L469V
missense,AZD-9496,breast cancer,sensitive,ESR1,L469V
missense,GDC-0927,breast cancer,sensitive,ESR1,L469V
missense,FULVESTRANT,breast cancer,sensitive,ESR1,L469V
missense,EXEMESTANE,breast cancer,resistant,ESR1,L469V
missense,ANASTROZOLE,breast cancer,resistant,ESR1,L469V
missense,Tamoxifen,breast cancer,resistant,ESR1,L469V
missense,LETROZOLE,breast cancer,resistant,ESR1,L469V
missense,ANASTROZOLE,breast cancer,resistant,ESR1,L536H
missense,FULVESTRANT,breast cancer,sensitive,ESR1,L536H
missense,BAZEDOXIFENE,breast cancer,sensitive,ESR1,L536H
missense,AZD-9496,breast cancer,sensitive,ESR1,L536H
missense,GDC-0927,breast cancer,sensitive,ESR1,L536H
missense,EXEMESTANE,breast cancer,resistant,ESR1,L536H
missense,Tamoxifen,breast cancer,resistant,ESR1,L536H
missense,LETROZOLE,breast cancer,resistant,ESR1,L536H
missense,ANASTROZOLE,breast cancer,resistant,ESR1,L536P
missense,BAZEDOXIFENE,breast cancer,sensitive,ESR1,L536P
missense,AZD-9496,breast cancer,sensitive,ESR1,L536P
missense,GDC-0927,breast cancer,sensitive,ESR1,L536P
missense,EXEMESTANE,breast cancer,resistant,ESR1,L536P
missense,Tamoxifen,breast cancer,resistant,ESR1,L536P
missense,LETROZOLE,breast cancer,resistant,ESR1,L536P
missense,FULVESTRANT,breast cancer,sensitive,ESR1,L536Q
missense,EXEMESTANE,breast cancer,resistant,ESR1,L536R
missense,FULVESTRANT,breast cancer,sensitive,ESR1,L536R
missense,ANASTROZOLE,breast cancer,resistant,ESR1,L536R
missense,BAZEDOXIFENE,breast cancer,sensitive,ESR1,L536R
missense,AZD-9496,breast cancer,sensitive,ESR1,L536R
missense,GDC-0927,breast cancer,sensitive,ESR1,L536R
missense,Tamoxifen,breast cancer,resistant,ESR1,L536R
missense,LETROZOLE,breast cancer,resistant,ESR1,L536R
missense,FULVESTRANT,breast cancer,sensitive,ESR1,P535H
missense,BAZEDOXIFENE,breast cancer,sensitive,ESR1,P535H
missense,AZD-9496,breast cancer,sensitive,ESR1,P535H
missense,GDC-0927,breast cancer,sensitive,ESR1,P535H
missense,EXEMESTANE,breast cancer,resistant,ESR1,P535H
missense,ANASTROZOLE,breast cancer,resistant,ESR1,P535H
missense,Tamoxifen,breast cancer,resistant,ESR1,P535H
missense,LETROZOLE,breast cancer,resistant,ESR1,P535H
missense,LETROZOLE,breast cancer,resistant,ESR1,S463P
missense,EXEMESTANE,breast cancer,resistant,ESR1,S463P
missense,ANASTROZOLE,breast cancer,resistant,ESR1,S463P
missense,BAZEDOXIFENE,breast cancer,sensitive,ESR1,S463P
missense,AZD-9496,breast cancer,sensitive,ESR1,S463P
missense,GDC-0927,breast cancer,sensitive,ESR1,S463P
missense,Tamoxifen,breast cancer,resistant,ESR1,S463P
missense,FULVESTRANT,breast cancer,sensitive,ESR1,S576L
missense,FULVESTRANT,breast cancer,resistant,ESR1,V392I
missense,BAZEDOXIFENE,breast cancer,sensitive,ESR1,V392I
missense,AZD-9496,breast cancer,sensitive,ESR1,V392I
missense,GDC-0927,breast cancer,sensitive,ESR1,V392I
missense,FULVESTRANT,breast cancer,sensitive,ESR1,V392I
missense,EXEMESTANE,breast cancer,resistant,ESR1,V392I
missense,ANASTROZOLE,breast cancer,resistant,ESR1,V392I
missense,Tamoxifen,breast cancer,resistant,ESR1,V392I
missense,LETROZOLE,breast cancer,resistant,ESR1,V392I
missense,EXEMESTANE,breast cancer,resistant,ESR1,V534E
missense,ANASTROZOLE,breast cancer,resistant,ESR1,V534E
missense,BAZEDOXIFENE,breast cancer,sensitive,ESR1,V534E
missense,AZD-9496,breast cancer,sensitive,ESR1,V534E
missense,GDC-0927,breast cancer,sensitive,ESR1,V534E
missense,FULVESTRANT,breast cancer,sensitive,ESR1,V534E
missense,Tamoxifen,breast cancer,resistant,ESR1,V534E
missense,LETROZOLE,breast cancer,resistant,ESR1,V534E
missense,FULVESTRANT,breast cancer,sensitive,ESR1,Y537C
missense,BAZEDOXIFENE,breast cancer,sensitive,ESR1,Y537C
missense,AZD-9496,breast cancer,sensitive,ESR1,Y537C
missense,GDC-0927,breast cancer,sensitive,ESR1,Y537C
missense,EXEMESTANE,breast cancer,resistant,ESR1,Y537C
missense,ANASTROZOLE,breast cancer,resistant,ESR1,Y537C
missense,FULVESTRANT,breast cancer,resistant,ESR1,Y537C
missense,Tamoxifen,breast cancer,resistant,ESR1,Y537C
missense,LETROZOLE,breast cancer,resistant,ESR1,Y537C
missense,BAZEDOXIFENE,breast cancer,sensitive,ESR1,Y537D
missense,AZD-9496,breast cancer,sensitive,ESR1,Y537D
missense,GDC-0927,breast cancer,sensitive,ESR1,Y537D
missense,FULVESTRANT,breast cancer,sensitive,ESR1,Y537D
missense,EXEMESTANE,breast cancer,resistant,ESR1,Y537D
missense,Tamoxifen,breast cancer,resistant,ESR1,Y537D
missense,ANASTROZOLE,breast cancer,resistant,ESR1,Y537D
missense,LETROZOLE,breast cancer,resistant,ESR1,Y537D
missense,EXEMESTANE,breast cancer,resistant,ESR1,Y537N
missense,ANASTROZOLE,breast cancer,resistant,ESR1,Y537N
missense,BAZEDOXIFENE,breast cancer,sensitive,ESR1,Y537N
missense,AZD-9496,breast cancer,sensitive,ESR1,Y537N
missense,GDC-0927,breast cancer,sensitive,ESR1,Y537N
missense,Tamoxifen,breast cancer,resistant,ESR1,Y537N
missense,LETROZOLE,breast cancer,resistant,ESR1,Y537N
missense,GDC-0927,breast cancer,sensitive,ESR1,Y537S
missense,EXEMESTANE,breast cancer,resistant,ESR1,Y537S
missense,ANASTROZOLE,breast cancer,resistant,ESR1,Y537S
missense,BAZEDOXIFENE,breast cancer,sensitive,ESR1,Y537S
missense,AZD-9496,breast cancer,sensitive,ESR1,Y537S
missense,FULVESTRANT,breast cancer,resistant,ESR1,Y537S
missense,Tamoxifen,breast cancer,resistant,ESR1,Y537S
missense,LETROZOLE,breast cancer,resistant,ESR1,Y537S
missense,SUNITINIB,lung cancer,sensitive,FGFR2,N549H
missense,PONATINIB,breast cancer,sensitive,FGFR2,N550K
missense,PONATINIB,breast cancer,resistant,FGFR2,V565I
missense,SELUMETINIB,lung cancer,sensitive,GNAQ,Q209H
missense,SELUMETINIB,lung cancer,sensitive,GNAQ,Q209K
missense,SELUMETINIB,lung cancer,sensitive,GNAQ,Q209L
missense,SELUMETINIB,lung cancer,sensitive,GNAQ,Q209P
missense,SELUMETINIB,lung cancer,sensitive,GNAQ,Q209R
missense,SELUMETINIB,lung cancer,sensitive,GNAQ,Q209Y
missense,Imatinib,cancer,resistant,KIT,V654A
missense,Erlotinib,lung cancer,resistant,KRAS,G12A
missense,Lapatinib,breast cancer,resistant,KRAS,G12A
missense,AFATINIB,breast cancer,resistant,KRAS,G12A
missense,AFATINIB,lung cancer,resistant,KRAS,G12A
missense,GEFITINIB,lung cancer,resistant,KRAS,G12A
missense,Icotinib,lung cancer,resistant,KRAS,G12A
missense,AFATINIB,breast cancer,resistant,KRAS,G12C
missense,Lapatinib,breast cancer,resistant,KRAS,G12C
missense,Icotinib,lung cancer,resistant,KRAS,G12C
missense,Erlotinib,lung cancer,resistant,KRAS,G12C
missense,AFATINIB,lung cancer,resistant,KRAS,G12C
missense,GEFITINIB,lung cancer,resistant,KRAS,G12C
missense,SELUMETINIB,lung cancer,sensitive,KRAS,G12C
missense,Icotinib,lung cancer,resistant,KRAS,G12D
missense,Erlotinib,lung cancer,resistant,KRAS,G12D
missense,AFATINIB,lung cancer,resistant,KRAS,G12D
missense,Lapatinib,breast cancer,resistant,KRAS,G12D
missense,AFATINIB,breast cancer,resistant,KRAS,G12D
missense,GEFITINIB,lung cancer,resistant,KRAS,G12D
missense,SELUMETINIB,lung cancer,sensitive,KRAS,G12D
missense,GEFITINIB,lung cancer,resistant,KRAS,G12E
missense,Icotinib,lung cancer,resistant,KRAS,G12E
missense,AFATINIB,lung cancer,resistant,KRAS,G12E
missense,Lapatinib,breast cancer,resistant,KRAS,G12E
missense,AFATINIB,breast cancer,resistant,KRAS,G12E
missense,Erlotinib,lung cancer,resistant,KRAS,G12E
missense,Icotinib,lung cancer,resistant,KRAS,G12F
missense,Erlotinib,lung cancer,resistant,KRAS,G12F
missense,GEFITINIB,lung cancer,resistant,KRAS,G12F
missense,AFATINIB,lung cancer,resistant,KRAS,G12F
missense,Lapatinib,breast cancer,resistant,KRAS,G12F
missense,AFATINIB,breast cancer,resistant,KRAS,G12F
missense,AFATINIB,lung cancer,resistant,KRAS,G12I
missense,AFATINIB,breast cancer,resistant,KRAS,G12I
missense,Lapatinib,breast cancer,resistant,KRAS,G12I
missense,Icotinib,lung cancer,resistant,KRAS,G12I
missense,Erlotinib,lung cancer,resistant,KRAS,G12I
missense,GEFITINIB,lung cancer,resistant,KRAS,G12I
missense,Icotinib,lung cancer,resistant,KRAS,G12L
missense,Erlotinib,lung cancer,resistant,KRAS,G12L
missense,AFATINIB,breast cancer,resistant,KRAS,G12L
missense,Lapatinib,breast cancer,resistant,KRAS,G12L
missense,AFATINIB,lung cancer,resistant,KRAS,G12L
missense,GEFITINIB,lung cancer,resistant,KRAS,G12L
missense,AFATINIB,lung cancer,resistant,KRAS,G12N
missense,AFATINIB,breast cancer,resistant,KRAS,G12N
missense,Lapatinib,breast cancer,resistant,KRAS,G12N
missense,Erlotinib,lung cancer,resistant,KRAS,G12N
missense,Icotinib,lung cancer,resistant,KRAS,G12N
missense,GEFITINIB,lung cancer,resistant,KRAS,G12N
missense,AFATINIB,breast cancer,resistant,KRAS,G12R
missense,Lapatinib,breast cancer,resistant,KRAS,G12R
missense,AFATINIB,lung cancer,resistant,KRAS,G12R
missense,Icotinib,lung cancer,resistant,KRAS,G12R
missense,Erlotinib,lung cancer,resistant,KRAS,G12R
missense,GEFITINIB,lung cancer,resistant,KRAS,G12R
missense,AFATINIB,lung cancer,resistant,KRAS,G12S
missense,Erlotinib,lung cancer,resistant,KRAS,G12S
missense,GEFITINIB,lung cancer,resistant,KRAS,G12S
missense,AFATINIB,breast cancer,resistant,KRAS,G12S
missense,Lapatinib,breast cancer,resistant,KRAS,G12S
missense,Icotinib,lung cancer,resistant,KRAS,G12S
missense,AFATINIB,lung cancer,resistant,KRAS,G12V
missense,Lapatinib,breast cancer,resistant,KRAS,G12V
missense,AFATINIB,breast cancer,resistant,KRAS,G12V
missense,Icotinib,lung cancer,resistant,KRAS,G12V
missense,GEFITINIB,lung cancer,resistant,KRAS,G12V
missense,Erlotinib,lung cancer,resistant,KRAS,G12V
missense,SELUMETINIB,lung cancer,sensitive,KRAS,G12V
missense,Lapatinib,breast cancer,resistant,KRAS,G12W
missense,AFATINIB,breast cancer,resistant,KRAS,G12W
missense,Icotinib,lung cancer,resistant,KRAS,G12W
missense,GEFITINIB,lung cancer,resistant,KRAS,G12W
missense,Erlotinib,lung cancer,resistant,KRAS,G12W
missense,AFATINIB,lung cancer,resistant,KRAS,G12W
missense,Erlotinib,lung cancer,resistant,KRAS,G12Y
missense,Icotinib,lung cancer,resistant,KRAS,G12Y
missense,AFATINIB,breast cancer,resistant,KRAS,G12Y
missense,Lapatinib,breast cancer,resistant,KRAS,G12Y
missense,GEFITINIB,lung cancer,resistant,KRAS,G12Y
missense,AFATINIB,lung cancer,resistant,KRAS,G12Y
missense,Lapatinib,breast cancer,resistant,KRAS,G13A
missense,AFATINIB,breast cancer,resistant,KRAS,G13A
missense,AFATINIB,lung cancer,resistant,KRAS,G13A
missense,Icotinib,lung cancer,resistant,KRAS,G13A
missense,Erlotinib,lung cancer,resistant,KRAS,G13A
missense,GEFITINIB,lung cancer,resistant,KRAS,G13A
missense,GEFITINIB,lung cancer,resistant,KRAS,G13C
missense,Lapatinib,breast cancer,resistant,KRAS,G13C
missense,AFATINIB,breast cancer,resistant,KRAS,G13C
missense,AFATINIB,lung cancer,resistant,KRAS,G13C
missense,Icotinib,lung cancer,resistant,KRAS,G13C
missense,Icotinib,lung cancer,resistant,KRAS,G13D
missense,AFATINIB,lung cancer,resistant,KRAS,G13D
missense,Lapatinib,breast cancer,resistant,KRAS,G13D
missense,AFATINIB,breast cancer,resistant,KRAS,G13D
missense,Erlotinib,lung cancer,resistant,KRAS,G13D
missense,GEFITINIB,lung cancer,resistant,KRAS,G13D
missense,SELUMETINIB,lung cancer,sensitive,KRAS,G13D
missense,AFATINIB,lung cancer,resistant,KRAS,G13E
missense,AFATINIB,breast cancer,resistant,KRAS,G13E
missense,Lapatinib,breast cancer,resistant,KRAS,G13E
missense,Erlotinib,lung cancer,resistant,KRAS,G13E
missense,Icotinib,lung cancer,resistant,KRAS,G13E
missense,GEFITINIB,lung cancer,resistant,KRAS,G13E
missense,GEFITINIB,lung cancer,resistant,KRAS,G13F
missense,AFATINIB,lung cancer,resistant,KRAS,G13F
missense,Lapatinib,breast cancer,resistant,KRAS,G13F
missense,AFATINIB,breast cancer,resistant,KRAS,G13F
missense,Erlotinib,lung cancer,resistant,KRAS,G13F
missense,Icotinib,lung cancer,resistant,KRAS,G13F
missense,AFATINIB,lung cancer,resistant,KRAS,G13I
missense,Lapatinib,breast cancer,resistant,KRAS,G13I
missense,AFATINIB,breast cancer,resistant,KRAS,G13I
missense,GEFITINIB,lung cancer,resistant,KRAS,G13I
missense,Icotinib,lung cancer,resistant,KRAS,G13I
missense,Erlotinib,lung cancer,resistant,KRAS,G13I
missense,Icotinib,lung cancer,resistant,KRAS,G13N
missense,Lapatinib,breast cancer,resistant,KRAS,G13N
missense,AFATINIB,breast cancer,resistant,KRAS,G13N
missense,GEFITINIB,lung cancer,resistant,KRAS,G13N
missense,Erlotinib,lung cancer,resistant,KRAS,G13N
missense,AFATINIB,lung cancer,resistant,KRAS,G13N
missense,Icotinib,lung cancer,resistant,KRAS,G13R
missense,Lapatinib,breast cancer,resistant,KRAS,G13R
missense,AFATINIB,breast cancer,resistant,KRAS,G13R
missense,GEFITINIB,lung cancer,resistant,KRAS,G13R
missense,AFATINIB,lung cancer,resistant,KRAS,G13R
missense,Erlotinib,lung cancer,resistant,KRAS,G13R
missense,Lapatinib,breast cancer,resistant,KRAS,G13S
missense,AFATINIB,breast cancer,resistant,KRAS,G13S
missense,GEFITINIB,lung cancer,resistant,KRAS,G13S
missense,Erlotinib,lung cancer,resistant,KRAS,G13S
missense,Icotinib,lung cancer,resistant,KRAS,G13S
missense,AFATINIB,lung cancer,resistant,KRAS,G13S
missense,Lapatinib,breast cancer,resistant,KRAS,G13V
missense,AFATINIB,breast cancer,resistant,KRAS,G13V
missense,Erlotinib,lung cancer,resistant,KRAS,G13V
missense,AFATINIB,lung cancer,resistant,KRAS,G13V
missense,Icotinib,lung cancer,resistant,KRAS,G13V
missense,GEFITINIB,lung cancer,resistant,KRAS,G13V
missense,Icotinib,lung cancer,resistant,KRAS,G13Y
missense,Lapatinib,breast cancer,resistant,KRAS,G13Y
missense,AFATINIB,breast cancer,resistant,KRAS,G13Y
missense,AFATINIB,lung cancer,resistant,KRAS,G13Y
missense,GEFITINIB,lung cancer,resistant,KRAS,G13Y
missense,Erlotinib,lung cancer,resistant,KRAS,G13Y
missense,Lapatinib,breast cancer,resistant,KRAS,Q61E
missense,AFATINIB,breast cancer,resistant,KRAS,Q61E
missense,Icotinib,lung cancer,resistant,KRAS,Q61E
missense,GEFITINIB,lung cancer,resistant,KRAS,Q61E
missense,AFATINIB,lung cancer,resistant,KRAS,Q61E
missense,Erlotinib,lung cancer,resistant,KRAS,Q61E
missense,Lapatinib,breast cancer,resistant,KRAS,Q61H
missense,AFATINIB,breast cancer,resistant,KRAS,Q61H
missense,Erlotinib,lung cancer,resistant,KRAS,Q61H
missense,AFATINIB,lung cancer,resistant,KRAS,Q61H
missense,Icotinib,lung cancer,resistant,KRAS,Q61H
missense,GEFITINIB,lung cancer,resistant,KRAS,Q61H
missense,GEFITINIB,lung cancer,resistant,KRAS,Q61K
missense,Lapatinib,breast cancer,resistant,KRAS,Q61K
missense,AFATINIB,breast cancer,resistant,KRAS,Q61K
missense,Icotinib,lung cancer,resistant,KRAS,Q61K
missense,Erlotinib,lung cancer,resistant,KRAS,Q61K
missense,AFATINIB,lung cancer,resistant,KRAS,Q61K
missense,Icotinib,lung cancer,resistant,KRAS,Q61L
missense,Lapatinib,breast cancer,resistant,KRAS,Q61L
missense,AFATINIB,breast cancer,resistant,KRAS,Q61L
missense,Erlotinib,lung cancer,resistant,KRAS,Q61L
missense,GEFITINIB,lung cancer,resistant,KRAS,Q61L
missense,AFATINIB,lung cancer,resistant,KRAS,Q61L
missense,AFATINIB,lung cancer,resistant,KRAS,Q61P
missense,Lapatinib,breast cancer,resistant,KRAS,Q61P
missense,AFATINIB,breast cancer,resistant,KRAS,Q61P
missense,GEFITINIB,lung cancer,resistant,KRAS,Q61P
missense,Icotinib,lung cancer,resistant,KRAS,Q61P
missense,Erlotinib,lung cancer,resistant,KRAS,Q61P
missense,AFATINIB,lung cancer,resistant,KRAS,Q61R
missense,Lapatinib,breast cancer,resistant,KRAS,Q61R
missense,AFATINIB,breast cancer,resistant,KRAS,Q61R
missense,Erlotinib,lung cancer,resistant,KRAS,Q61R
missense,Icotinib,lung cancer,resistant,KRAS,Q61R
missense,GEFITINIB,lung cancer,resistant,KRAS,Q61R
missense,Pd-0325901,lung cancer,resistant,MAP2K1,D67N
missense,Binimetinib,lung cancer,sensitive,MAP2K1,D67N
missense,Pd-0325901,lung cancer,resistant,MAP2K1,E120D
missense,SELUMETINIB,lung cancer,resistant,MAP2K1,E120D
missense,Binimetinib,lung cancer,resistant,MAP2K1,E120D
missense,Pd-0325901,lung cancer,resistant,MAP2K1,F129L
missense,Binimetinib,lung cancer,resistant,MAP2K1,F129L
missense,Binimetinib,lung cancer,resistant,MAP2K1,G128D
missense,Pd-0325901,lung cancer,resistant,MAP2K1,G128D
missense,SELUMETINIB,lung cancer,resistant,MAP2K1,H119P
missense,Pd-0325901,lung cancer,resistant,MAP2K1,H119P
missense,Binimetinib,lung cancer,resistant,MAP2K1,H119P
missense,Binimetinib,lung cancer,resistant,MAP2K1,I103N
missense,Pd-0325901,lung cancer,resistant,MAP2K1,I103N
missense,SELUMETINIB,lung cancer,resistant,MAP2K1,I111N
missense,Binimetinib,lung cancer,resistant,MAP2K1,I111N
missense,Pd-0325901,lung cancer,resistant,MAP2K1,I111N
missense,Binimetinib,lung cancer,resistant,MAP2K1,I99T
missense,Pd-0325901,lung cancer,resistant,MAP2K1,I99T
missense,SELUMETINIB,lung cancer,resistant,MAP2K1,I99T
missense,Pd-0325901,lung cancer,resistant,MAP2K1,K57N
missense,Binimetinib,lung cancer,sensitive,MAP2K1,K57N
missense,TRAMETINIB,lung cancer,resistant,MAP2K1,L115P
missense,Pd-0325901,lung cancer,resistant,MAP2K1,L115P
missense,Binimetinib,lung cancer,resistant,MAP2K1,L115P
missense,Binimetinib,lung cancer,resistant,MAP2K1,L215P
missense,Pd-0325901,lung cancer,resistant,MAP2K1,L215P
missense,SELUMETINIB,lung cancer,resistant,MAP2K1,L215P
missense,TRAMETINIB,lung cancer,resistant,MAP2K1,P124L
missense,Pd-0325901,lung cancer,resistant,MAP2K1,P124L
missense,Binimetinib,lung cancer,resistant,MAP2K1,P124L
missense,SELUMETINIB,lung cancer,resistant,MAP2K1,P124Q
missense,Pd-0325901,lung cancer,resistant,MAP2K1,P124Q
missense,Binimetinib,lung cancer,resistant,MAP2K1,P124Q
missense,SELUMETINIB,lung cancer,resistant,MAP2K1,P124S
missense,Binimetinib,lung cancer,resistant,MAP2K1,P124S
missense,Pd-0325901,lung cancer,resistant,MAP2K1,P124S
missense,Pd-0325901,lung cancer,resistant,MAP2K1,Q56P
missense,SELUMETINIB,lung cancer,resistant,MAP2K1,Q56P
missense,Binimetinib,lung cancer,resistant,MAP2K1,Q56P
missense,TRAMETINIB,lung cancer,sensitive,MAP2K1,Q56P
missense,Binimetinib,lung cancer,sensitive,MAP2K1,Q56P
missense,TRAMETINIB,lung cancer,resistant,MAP2K1,V211D
missense,SELUMETINIB,lung cancer,resistant,MAP2K1,V211D
missense,Pd-0325901,lung cancer,resistant,MAP2K1,V211D
missense,Binimetinib,lung cancer,resistant,MAP2K1,V211D
missense,SELUMETINIB,lung cancer,sensitive,NRAS,Q61E
missense,SELUMETINIB,lung cancer,sensitive,NRAS,Q61H
missense,SELUMETINIB,lung cancer,sensitive,NRAS,Q61P
missense,CRENOLANIB,lung cancer,sensitive,PDGFRA,D842I
missense,DASATINIB,lung cancer,sensitive,PDGFRA,D842V
missense,CRENOLANIB,lung cancer,sensitive,PDGFRA,D842V
missense,CABOZANTINIB,malignant endocrine neoplasm,sensitive,RET,C630R
missense,CABOZANTINIB,malignant endocrine neoplasm,sensitive,RET,C634R
missense,CABOZANTINIB,malignant endocrine neoplasm,sensitive,RET,C634W
missense,CABOZANTINIB,malignant endocrine neoplasm,sensitive,RET,M918T
missense,VANDETANIB,malignant endocrine neoplasm,sensitive,RET,M918T
missense,CABOZANTINIB,lung cancer,sensitive,RET,M918T
missense,CABOZANTINIB,digestive system cancer,sensitive,RET,M918T
missense,CRIZOTINIB,lung cancer,resistant,ROS1,D2033N
missense,CABOZANTINIB,lung cancer,sensitive,ROS1,G2032R
missense,CRIZOTINIB,lung cancer,resistant,ROS1,G2032R
missense,CABOZANTINIB,digestive system cancer,sensitive,ROS1,G2032R
missense,CRIZOTINIB,lung cancer,resistant,ROS1,S1986F
missense,CRIZOTINIB,lung cancer,resistant,ROS1,S1986Y
missense,Buparlisib,breast cancer,resistant,TP53,E285K
missense,FULVESTRANT,breast cancer,resistant,TP53,E285K
missense,Buparlisib,breast cancer,resistant,TP53,L130V
missense,FULVESTRANT,breast cancer,resistant,TP53,L130V
missense,Irinotecan,digestive system cancer,resistant,UGT1A1,G71R
missense,Irinotecan,digestive system cancer,resistant,UGT1A1,P229Q
